sample,barcode,r1_path,r2_path,metadata
BB20_drone,TCCGGAGA+AGGCTATA,output/000_tmp/reads/BB20_drone_R1.fq.gz,output/000_tmp/reads/BB20_drone_R2.fq.gz,BB20_drone_drones_BB1914
BB34_drone,CGCTCATT+AGGCTATA,output/000_tmp/reads/BB34_drone_R1.fq.gz,output/000_tmp/reads/BB34_drone_R2.fq.gz,BB34_drone_drones_BB2323
BB44_drone,GAATTCGT+AGGCTATA,output/000_tmp/reads/BB44_drone_R1.fq.gz,output/000_tmp/reads/BB44_drone_R2.fq.gz,BB44_drone_drones_BB0915VSH
BB07_drone,CTGAAGCT+AGGCTATA,output/000_tmp/reads/BB07_drone_R1.fq.gz,output/000_tmp/reads/BB07_drone_R2.fq.gz,BB07_drone_drones_BB1780
BB17_drone,TAATGCGC+AGGCTATA,output/000_tmp/reads/BB17_drone_R1.fq.gz,output/000_tmp/reads/BB17_drone_R2.fq.gz,BB17_drone_drones_BB1735
BB41_drone,CGGCTATG+AGGCTATA,output/000_tmp/reads/BB41_drone_R1.fq.gz,output/000_tmp/reads/BB41_drone_R2.fq.gz,BB41_drone_drones_BB2328
BB50_drone,AGCGATAG+AGGCTATA,output/000_tmp/reads/BB50_drone_R1.fq.gz,output/000_tmp/reads/BB50_drone_R2.fq.gz,BB50_drone_drones_BB2357VSH
BB39_drone,CGCTCATT+GCCTCTAT,output/000_tmp/reads/BB39_drone_R1.fq.gz,output/000_tmp/reads/BB39_drone_R2.fq.gz,BB39_drone_drones_BB2341
BB13_drone,GAATTCGT+GCCTCTAT,output/000_tmp/reads/BB13_drone_R1.fq.gz,output/000_tmp/reads/BB13_drone_R2.fq.gz,BB13_drone_drones_BB1818
BB24_drone,TAATGCGC+GCCTCTAT,output/000_tmp/reads/BB24_drone_R1.fq.gz,output/000_tmp/reads/BB24_drone_R2.fq.gz,BB24_drone_drones_BB2316
BB28_drone,TCCGCGAA+GCCTCTAT,output/000_tmp/reads/BB28_drone_R1.fq.gz,output/000_tmp/reads/BB28_drone_R2.fq.gz,BB28_drone_drones_BB2343
BB37_drone,TCTCGCGC+GCCTCTAT,output/000_tmp/reads/BB37_drone_R1.fq.gz,output/000_tmp/reads/BB37_drone_R2.fq.gz,BB37_drone_drones_BB2309
BB42_drone,AGCGATAG+GCCTCTAT,output/000_tmp/reads/BB42_drone_R1.fq.gz,output/000_tmp/reads/BB42_drone_R2.fq.gz,BB42_drone_drones_BB2345
BB18_drone,GAGATTCC+AGGATAGG,output/000_tmp/reads/BB18_drone_R1.fq.gz,output/000_tmp/reads/BB18_drone_R2.fq.gz,BB18_drone_drones_BB1741
BB04_drone,ATTCAGAA+TCAGAGCC,output/000_tmp/reads/BB04_drone_R1.fq.gz,output/000_tmp/reads/BB04_drone_R2.fq.gz,BB04_drone_drones_BB1774
BB43_drone,GAATTCGT+TCAGAGCC,output/000_tmp/reads/BB43_drone_R1.fq.gz,output/000_tmp/reads/BB43_drone_R2.fq.gz,BB43_drone_drones_BB2353VSH
BB02_drone,CTGAAGCT+TCAGAGCC,output/000_tmp/reads/BB02_drone_R1.fq.gz,output/000_tmp/reads/BB02_drone_R2.fq.gz,BB02_drone_drones_BB1771
BB36_drone,TAATGCGC+TCAGAGCC,output/000_tmp/reads/BB36_drone_R1.fq.gz,output/000_tmp/reads/BB36_drone_R2.fq.gz,BB36_drone_drones_BB2312
BB45_drone,CGCTCATT+CTTCGCCT,output/000_tmp/reads/BB45_drone_R1.fq.gz,output/000_tmp/reads/BB45_drone_R2.fq.gz,BB45_drone_drones_BB1260VSH
BB14_drone,CTGAAGCT+CTTCGCCT,output/000_tmp/reads/BB14_drone_R1.fq.gz,output/000_tmp/reads/BB14_drone_R2.fq.gz,BB14_drone_drones_BB1920
BB40_drone,CGGCTATG+CTTCGCCT,output/000_tmp/reads/BB40_drone_R1.fq.gz,output/000_tmp/reads/BB40_drone_R2.fq.gz,BB40_drone_drones_BB2320
BB03_drone,TCCGCGAA+CTTCGCCT,output/000_tmp/reads/BB03_drone_R1.fq.gz,output/000_tmp/reads/BB03_drone_R2.fq.gz,BB03_drone_drones_BB1810
BB16_drone,TCTCGCGC+CTTCGCCT,output/000_tmp/reads/BB16_drone_R1.fq.gz,output/000_tmp/reads/BB16_drone_R2.fq.gz,BB16_drone_drones_BB1885
BB56_drone,AGCGATAG+CTTCGCCT,output/000_tmp/reads/BB56_drone_R1.fq.gz,output/000_tmp/reads/BB56_drone_R2.fq.gz,BB56_drone_drones_BB2342
BB33_drone,ATTACTCG+TAAGATTA,output/000_tmp/reads/BB33_drone_R1.fq.gz,output/000_tmp/reads/BB33_drone_R2.fq.gz,BB33_drone_drones_BB2336
BB12_drone,CGCTCATT+TAAGATTA,output/000_tmp/reads/BB12_drone_R1.fq.gz,output/000_tmp/reads/BB12_drone_R2.fq.gz,BB12_drone_drones_BB1924
BB27_drone,GAATTCGT+TAAGATTA,output/000_tmp/reads/BB27_drone_R1.fq.gz,output/000_tmp/reads/BB27_drone_R2.fq.gz,BB27_drone_drones_BB2318
BB23_drone,CTGAAGCT+TAAGATTA,output/000_tmp/reads/BB23_drone_R1.fq.gz,output/000_tmp/reads/BB23_drone_R2.fq.gz,BB23_drone_drones_BB2305
BB49_drone,TCTCGCGC+TAAGATTA,output/000_tmp/reads/BB49_drone_R1.fq.gz,output/000_tmp/reads/BB49_drone_R2.fq.gz,BB49_drone_drones_BB2354VSH
BB55_drone,AGCGATAG+TAAGATTA,output/000_tmp/reads/BB55_drone_R1.fq.gz,output/000_tmp/reads/BB55_drone_R2.fq.gz,BB55_drone_drones_BB2361VSH
BB22_drone,ATTACTCG+ACGTCCTG,output/000_tmp/reads/BB22_drone_R1.fq.gz,output/000_tmp/reads/BB22_drone_R2.fq.gz,BB22_drone_drones_BB2306
BB38_drone,TCCGGAGA+ACGTCCTG,output/000_tmp/reads/BB38_drone_R1.fq.gz,output/000_tmp/reads/BB38_drone_R2.fq.gz,BB38_drone_drones_BB2339
BB25_drone,CGCTCATT+ACGTCCTG,output/000_tmp/reads/BB25_drone_R1.fq.gz,output/000_tmp/reads/BB25_drone_R2.fq.gz,BB25_drone_drones_BB2322
BB26_drone,GAGATTCC+ACGTCCTG,output/000_tmp/reads/BB26_drone_R1.fq.gz,output/000_tmp/reads/BB26_drone_R2.fq.gz,BB26_drone_drones_BB2344
BB53_drone,GAATTCGT+ACGTCCTG,output/000_tmp/reads/BB53_drone_R1.fq.gz,output/000_tmp/reads/BB53_drone_R2.fq.gz,BB53_drone_drones_BB2347VSH
BB06_drone,TAATGCGC+ACGTCCTG,output/000_tmp/reads/BB06_drone_R1.fq.gz,output/000_tmp/reads/BB06_drone_R2.fq.gz,BB06_drone_drones_BB1866
BB35_drone,TCCGCGAA+ACGTCCTG,output/000_tmp/reads/BB35_drone_R1.fq.gz,output/000_tmp/reads/BB35_drone_R2.fq.gz,BB35_drone_drones_BB2335
BB31_drone,TCTCGCGC+ACGTCCTG,output/000_tmp/reads/BB31_drone_R1.fq.gz,output/000_tmp/reads/BB31_drone_R2.fq.gz,BB31_drone_drones_BB2334
BB21_drone,AGCGATAG+ACGTCCTG,output/000_tmp/reads/BB21_drone_R1.fq.gz,output/000_tmp/reads/BB21_drone_R2.fq.gz,BB21_drone_drones_BB0995
BB10_drone,ATTACTCG+GTCAGTAC,output/000_tmp/reads/BB10_drone_R1.fq.gz,output/000_tmp/reads/BB10_drone_R2.fq.gz,BB10_drone_drones_BB1817
BB09_drone,CGCTCATT+GTCAGTAC,output/000_tmp/reads/BB09_drone_R1.fq.gz,output/000_tmp/reads/BB09_drone_R2.fq.gz,BB09_drone_drones_BB1793
BB05_drone,ATTCAGAA+GTCAGTAC,output/000_tmp/reads/BB05_drone_R1.fq.gz,output/000_tmp/reads/BB05_drone_R2.fq.gz,BB05_drone_drones_BB1850
BB54_drone,CTGAAGCT+GTCAGTAC,output/000_tmp/reads/BB54_drone_R1.fq.gz,output/000_tmp/reads/BB54_drone_R2.fq.gz,BB54_drone_drones_BB2348VSH
BB29_drone,TAATGCGC+GTCAGTAC,output/000_tmp/reads/BB29_drone_R1.fq.gz,output/000_tmp/reads/BB29_drone_R2.fq.gz,BB29_drone_drones_BB2324
BB27_pool,ATTACTCG+AGGCTATA,output/000_tmp/reads/BB27_pool_R1.fq.gz,output/000_tmp/reads/BB27_pool_R2.fq.gz,BB27_pool_pools_BB2318
BB02_pool,GAGATTCC+AGGCTATA,output/000_tmp/reads/BB02_pool_R1.fq.gz,output/000_tmp/reads/BB02_pool_R2.fq.gz,BB02_pool_pools_BB1771
BB41_pool,ATTCAGAA+AGGCTATA,output/000_tmp/reads/BB41_pool_R1.fq.gz,output/000_tmp/reads/BB41_pool_R2.fq.gz,BB41_pool_pools_BB2328
BB10_pool,TCCGCGAA+AGGCTATA,output/000_tmp/reads/BB10_pool_R1.fq.gz,output/000_tmp/reads/BB10_pool_R2.fq.gz,BB10_pool_pools_BB1817
BB53_pool,TCTCGCGC+AGGCTATA,output/000_tmp/reads/BB53_pool_R1.fq.gz,output/000_tmp/reads/BB53_pool_R2.fq.gz,BB53_pool_pools_BB2347VSH
BB33_pool,TCCGGAGA+GCCTCTAT,output/000_tmp/reads/BB33_pool_R1.fq.gz,output/000_tmp/reads/BB33_pool_R2.fq.gz,BB33_pool_pools_BB2336
BB44_pool,GAGATTCC+GCCTCTAT,output/000_tmp/reads/BB44_pool_R1.fq.gz,output/000_tmp/reads/BB44_pool_R2.fq.gz,BB44_pool_pools_BB0915VSH
BB07_pool,ATTCAGAA+GCCTCTAT,output/000_tmp/reads/BB07_pool_R1.fq.gz,output/000_tmp/reads/BB07_pool_R2.fq.gz,BB07_pool_pools_BB1780
BB40_pool,CTGAAGCT+GCCTCTAT,output/000_tmp/reads/BB40_pool_R1.fq.gz,output/000_tmp/reads/BB40_pool_R2.fq.gz,BB40_pool_pools_BB2320
BB13_pool,CGGCTATG+GCCTCTAT,output/000_tmp/reads/BB13_pool_R1.fq.gz,output/000_tmp/reads/BB13_pool_R2.fq.gz,BB13_pool_pools_BB1818
BB16_pool,ATTACTCG+AGGATAGG,output/000_tmp/reads/BB16_pool_R1.fq.gz,output/000_tmp/reads/BB16_pool_R2.fq.gz,BB16_pool_pools_BB1885
BB23_pool,TCCGGAGA+AGGATAGG,output/000_tmp/reads/BB23_pool_R1.fq.gz,output/000_tmp/reads/BB23_pool_R2.fq.gz,BB23_pool_pools_BB2305
BB55_pool,CGCTCATT+AGGATAGG,output/000_tmp/reads/BB55_pool_R1.fq.gz,output/000_tmp/reads/BB55_pool_R2.fq.gz,BB55_pool_pools_BB2361VSH
BB50_pool,CTGAAGCT+AGGATAGG,output/000_tmp/reads/BB50_pool_R1.fq.gz,output/000_tmp/reads/BB50_pool_R2.fq.gz,BB50_pool_pools_BB2357VSH
BB42_pool,TAATGCGC+AGGATAGG,output/000_tmp/reads/BB42_pool_R1.fq.gz,output/000_tmp/reads/BB42_pool_R2.fq.gz,BB42_pool_pools_BB2345
BB21_pool,CGGCTATG+AGGATAGG,output/000_tmp/reads/BB21_pool_R1.fq.gz,output/000_tmp/reads/BB21_pool_R2.fq.gz,BB21_pool_pools_BB0995
BB20_pool,TCCGCGAA+AGGATAGG,output/000_tmp/reads/BB20_pool_R1.fq.gz,output/000_tmp/reads/BB20_pool_R2.fq.gz,BB20_pool_pools_BB1914
BB56_pool,AGCGATAG+AGGATAGG,output/000_tmp/reads/BB56_pool_R1.fq.gz,output/000_tmp/reads/BB56_pool_R2.fq.gz,BB56_pool_pools_BB2342
BB28_pool,ATTACTCG+TCAGAGCC,output/000_tmp/reads/BB28_pool_R1.fq.gz,output/000_tmp/reads/BB28_pool_R2.fq.gz,BB28_pool_pools_BB2343
BB12_pool,TCCGGAGA+TCAGAGCC,output/000_tmp/reads/BB12_pool_R1.fq.gz,output/000_tmp/reads/BB12_pool_R2.fq.gz,BB12_pool_pools_BB1924
BB37_pool,CGCTCATT+TCAGAGCC,output/000_tmp/reads/BB37_pool_R1.fq.gz,output/000_tmp/reads/BB37_pool_R2.fq.gz,BB37_pool_pools_BB2309
BB18_pool,CGGCTATG+TCAGAGCC,output/000_tmp/reads/BB18_pool_R1.fq.gz,output/000_tmp/reads/BB18_pool_R2.fq.gz,BB18_pool_pools_BB1741
BB49_pool,TCCGCGAA+TCAGAGCC,output/000_tmp/reads/BB49_pool_R1.fq.gz,output/000_tmp/reads/BB49_pool_R2.fq.gz,BB49_pool_pools_BB2354VSH
BB54_pool,TCTCGCGC+TCAGAGCC,output/000_tmp/reads/BB54_pool_R1.fq.gz,output/000_tmp/reads/BB54_pool_R2.fq.gz,BB54_pool_pools_BB2348VSH
BB48_pool,AGCGATAG+TCAGAGCC,output/000_tmp/reads/BB48_pool_R1.fq.gz,output/000_tmp/reads/BB48_pool_R2.fq.gz,BB48_pool_pools_BB2355VSH
BB05_pool,ATTACTCG+CTTCGCCT,output/000_tmp/reads/BB05_pool_R1.fq.gz,output/000_tmp/reads/BB05_pool_R2.fq.gz,BB05_pool_pools_BB1850
BB36_pool,TCCGGAGA+CTTCGCCT,output/000_tmp/reads/BB36_pool_R1.fq.gz,output/000_tmp/reads/BB36_pool_R2.fq.gz,BB36_pool_pools_BB2312
BB25_pool,GAGATTCC+CTTCGCCT,output/000_tmp/reads/BB25_pool_R1.fq.gz,output/000_tmp/reads/BB25_pool_R2.fq.gz,BB25_pool_pools_BB2322
BB43_pool,ATTCAGAA+CTTCGCCT,output/000_tmp/reads/BB43_pool_R1.fq.gz,output/000_tmp/reads/BB43_pool_R2.fq.gz,BB43_pool_pools_BB2353VSH
BB26_pool,GAATTCGT+CTTCGCCT,output/000_tmp/reads/BB26_pool_R1.fq.gz,output/000_tmp/reads/BB26_pool_R2.fq.gz,BB26_pool_pools_BB2344
BB04_pool,TCCGGAGA+TAAGATTA,output/000_tmp/reads/BB04_pool_R1.fq.gz,output/000_tmp/reads/BB04_pool_R2.fq.gz,BB04_pool_pools_BB1774
BB17_pool,GAGATTCC+TAAGATTA,output/000_tmp/reads/BB17_pool_R1.fq.gz,output/000_tmp/reads/BB17_pool_R2.fq.gz,BB17_pool_pools_BB1735
BB35_pool,ATTCAGAA+TAAGATTA,output/000_tmp/reads/BB35_pool_R1.fq.gz,output/000_tmp/reads/BB35_pool_R2.fq.gz,BB35_pool_pools_BB2335
BB03_pool,TAATGCGC+TAAGATTA,output/000_tmp/reads/BB03_pool_R1.fq.gz,output/000_tmp/reads/BB03_pool_R2.fq.gz,BB03_pool_pools_BB1810
BB06_pool,TCCGCGAA+TAAGATTA,output/000_tmp/reads/BB06_pool_R1.fq.gz,output/000_tmp/reads/BB06_pool_R2.fq.gz,BB06_pool_pools_BB1866
BB09_pool,ATTCAGAA+ACGTCCTG,output/000_tmp/reads/BB09_pool_R1.fq.gz,output/000_tmp/reads/BB09_pool_R2.fq.gz,BB09_pool_pools_BB1793
BB34_pool,CGGCTATG+ACGTCCTG,output/000_tmp/reads/BB34_pool_R1.fq.gz,output/000_tmp/reads/BB34_pool_R2.fq.gz,BB34_pool_pools_BB2323
BB39_pool,TCCGGAGA+GTCAGTAC,output/000_tmp/reads/BB39_pool_R1.fq.gz,output/000_tmp/reads/BB39_pool_R2.fq.gz,BB39_pool_pools_BB2341
BB38_pool,GAATTCGT+GTCAGTAC,output/000_tmp/reads/BB38_pool_R1.fq.gz,output/000_tmp/reads/BB38_pool_R2.fq.gz,BB38_pool_pools_BB2339
BB31_pool,CGGCTATG+GTCAGTAC,output/000_tmp/reads/BB31_pool_R1.fq.gz,output/000_tmp/reads/BB31_pool_R2.fq.gz,BB31_pool_pools_BB2334
BB29_pool,TCCGCGAA+GTCAGTAC,output/000_tmp/reads/BB29_pool_R1.fq.gz,output/000_tmp/reads/BB29_pool_R2.fq.gz,BB29_pool_pools_BB2324
BB45_pool,TCTCGCGC+GTCAGTAC,output/000_tmp/reads/BB45_pool_R1.fq.gz,output/000_tmp/reads/BB45_pool_R2.fq.gz,BB45_pool_pools_BB1260VSH
BB24_pool,AGCGATAG+GTCAGTAC,output/000_tmp/reads/BB24_pool_R1.fq.gz,output/000_tmp/reads/BB24_pool_R2.fq.gz,BB24_pool_pools_BB2316
